classification,code,label,age_min,age_max
rm032_5,1,Aged 24 years and under,0,24
rm032_5,2,Aged 25 to 34 years,25,34
rm032_5,3,Aged 35 to 49 years,35,49
rm032_5,4,Aged 50 to 64 years,50,64
rm032_5,5,Aged 65 years and over,65,90
age_23a,1,Aged 2 years and under,0,2
age_23a,2,Aged 3 to 4 years,3,4
age_23a,3,Aged 5 to 7 years,5,7
age_23a,4,Aged 8 to 9 years,8,9
age_23a,5,Aged 10 to 14 years,10,14
age_23a,6,Aged 15 years,15,15
age_23a,7,Aged 16 to 17 years,16,17
age_23a,8,Aged 18 to 19 years,18,19
age_23a,9,Aged 20 to 24 years,20,24
age_23a,10,Aged 25 to 29 years,25,29
age_23a,11,Aged 30 to 34 years,30,34
age_23a,12,Aged 35 to 39 years,35,39
age_23a,13,Aged 40 to 44 years,40,44
age_23a,14,Aged 45 to 49 years,45,49
age_23a,15,Aged 50 to 54 years,50,54
age_23a,16,Aged 55 to 59 years,55,59
age_23a,17,Aged 60 to 64 years,60,64
age_23a,18,Aged 65 years,65,65
age_23a,19,Aged 66 to 69 years,66,69
age_23a,20,Aged 70 to 74 years,70,74
age_23a,21,Aged 75 to 79 years,75,79
age_23a,22,Aged 80 to 84 years,80,84
age_23a,23,Aged 85 years and over,85,90
