code_19,label_19,code_5,label_5,code_6,label_6
1,"Asian, Asian British or Asian Welsh: Bangladeshi",A,"Asian, Asian British or Asian Welsh",A,"Asian, Asian British or Asian Welsh"
2,"Asian, Asian British or Asian Welsh: Chinese",A,"Asian, Asian British or Asian Welsh",A,"Asian, Asian British or Asian Welsh"
3,"Asian, Asian British or Asian Welsh: Indian",A,"Asian, Asian British or Asian Welsh",A,"Asian, Asian British or Asian Welsh"
4,"Asian, Asian British or Asian Welsh: Pakistani",A,"Asian, Asian British or Asian Welsh",A,"Asian, Asian British or Asian Welsh"
5,"Asian, Asian British or Asian Welsh: Other Asian",A,"Asian, Asian British or Asian Welsh",A,"Asian, Asian British or Asian Welsh"
6,"Black, Black British, Black Welsh, Caribbean or African: African",B,"Black, Black British, Black Welsh, Caribbean or African",B,"Black, Black British, Black Welsh, Caribbean or African"
7,"Black, Black British, Black Welsh, Caribbean or African: Caribbean",B,"Black, Black British, Black Welsh, Caribbean or African",B,"Black, Black British, Black Welsh, Caribbean or African"
8,"Black, Black British, Black Welsh, Caribbean or African: Other Black",B,"Black, Black British, Black Welsh, Caribbean or African",B,"Black, Black British, Black Welsh, Caribbean or African"
9,"Mixed or Multiple ethnic groups: White and Asian",M,"Mixed or Multiple ethnic groups",M,"Mixed or Multiple ethnic groups"
10,"Mixed or Multiple ethnic groups: White and Black African",M,"Mixed or Multiple ethnic groups",M,"Mixed or Multiple ethnic groups"
11,"Mixed or Multiple ethnic groups: White and Black Caribbean",M,"Mixed or Multiple ethnic groups",M,"Mixed or Multiple ethnic groups"
12,"Mixed or Multiple ethnic groups: Other Mixed or Multiple ethnic groups",M,"Mixed or Multiple ethnic groups",M,"Mixed or Multiple ethnic groups"
13,"White: English, Welsh, Scottish, Northern Irish or British",W,White,WB,"White: English, Welsh, Scottish, Northern Irish or British"
14,"White: Irish",W,White,WO,"White: Other White (incl. Irish, Gypsy or Irish Traveller, Roma)"
15,"White: Gypsy or Irish Traveller",W,White,WO,"White: Other White (incl. Irish, Gypsy or Irish Traveller, Roma)"
16,"White: Roma",W,White,WO,"White: Other White (incl. Irish, Gypsy or Irish Traveller, Roma)"
17,"White: Other White",W,White,WO,"White: Other White (incl. Irish, Gypsy or Irish Traveller, Roma)"
18,"Other ethnic group: Arab",O,Other ethnic group,O,Other ethnic group
19,"Other ethnic group: Any other ethnic group",O,Other ethnic group,O,Other ethnic group
